-- phpMyAdmin SQL Dump
-- version 5.0.2
-- https://www.phpmyadmin.net/
--
-- Host: 127.0.0.1
-- Generation Time: Jun 25, 2022 at 06:17 PM
-- Server version: 10.4.13-MariaDB
-- PHP Version: 7.4.7

SET SQL_MODE = "NO_AUTO_VALUE_ON_ZERO";
START TRANSACTION;
SET time_zone = "+00:00";


/*!40101 SET @OLD_CHARACTER_SET_CLIENT=@@CHARACTER_SET_CLIENT */;
/*!40101 SET @OLD_CHARACTER_SET_RESULTS=@@CHARACTER_SET_RESULTS */;
/*!40101 SET @OLD_COLLATION_CONNECTION=@@COLLATION_CONNECTION */;
/*!40101 SET NAMES utf8mb4 */;

--
-- Database: `karyawan-absen`
--

-- --------------------------------------------------------

--
-- Table structure for table `attendance`
--

CREATE TABLE `attendance` (
  `id` int(11) NOT NULL,
  `username` char(6) NOT NULL,
  `employee_id` int(3) UNSIGNED ZEROFILL NOT NULL,
  `department_id` char(3) NOT NULL,
  `shift_id` int(1) NOT NULL,
  `location_id` int(1) NOT NULL,
  `in_time` int(11) NOT NULL,
  `notes` varchar(120) NOT NULL,
  `image` varchar(50) NOT NULL,
  `lack_of` varchar(11) NOT NULL,
  `in_status` varchar(15) NOT NULL,
  `out_time` int(11) NOT NULL,
  `out_status` varchar(15) NOT NULL
) ENGINE=InnoDB DEFAULT CHARSET=latin1;

--
-- Dumping data for table `attendance`
--

INSERT INTO `attendance` (`id`, `username`, `employee_id`, `department_id`, `shift_id`, `location_id`, `in_time`, `notes`, `image`, `lack_of`, `in_status`, `out_time`, `out_status`) VALUES
(45, 'ADM011', 011, 'ADM', 1, 1, 1589178316, 'sdf', 'item-200511-8f5d7be1a1.jpg', 'None', 'Late', 1589178477, 'Early'),
(48, 'ADM011', 011, 'ADM', 1, 1, 1589381121, '', 'item-200513-ad6953a07e.jpg', 'Notes', 'Late', 1589381127, 'Over Time'),
(49, 'PCD010', 010, 'PCD', 2, 1, 1589384432, 'asdasd', '', 'None,image', 'Late', 1589384514, 'Over Time'),
(50, 'ADM011', 011, 'ADM', 1, 1, 1589391038, '', '', 'Notes,image', 'On Time', 1589391056, 'Early'),
(51, 'PCD010', 010, 'PCD', 3, 1, 1622553388, 'testing', 'item-210601-3946bb00df.png', 'None', 'Late', 1622553470, 'Over Time'),
(52, 'PCD010', 010, 'PCD', 3, 2, 1631893356, 'none', '', 'None,image', 'Late', 1631893413, 'Over Time'),
(53, 'STD026', 026, 'STD', 1, 1, 1631894335, 'none', '', 'None,image', 'Late', 1631894403, 'Over Time'),
(54, 'ADM011', 011, 'ADM', 1, 2, 1631894692, 'demo', '', 'None,image', 'Late', 1631894696, 'Over Time'),
(55, 'QCD027', 027, 'QCD', 6, 2, 1631499386, 'none..', '', 'None,image', 'Late', 1631529057, 'Early'),
(56, 'QCD027', 027, 'QCD', 6, 2, 1631583036, 'none', '', 'None,image', 'Late', 1631611849, 'Early'),
(58, 'QCD027', 027, 'QCD', 6, 1, 1631733350, 'none', '', 'None,image', 'Late', 1631797356, 'Early'),
(59, 'QCD027', 027, 'QCD', 6, 4, 1631863331, 'none', '', 'None,image', 'Late', 1631896539, 'Early'),
(60, 'QCD027', 027, 'QCD', 6, 1, 1631214919, 'none', '', 'None,image', 'Late', 1631250936, 'Over Time'),
(61, 'STD026', 026, 'STD', 1, 2, 1631493955, 'none', '', 'None,image', 'On Time', 1631523613, 'Over Time'),
(62, 'ADM011', 011, 'ADM', 1, 1, 1631584873, 'none', '', 'None,image', 'Late', 1631621603, 'Over Time'),
(63, 'QCD027', 027, 'QCD', 6, 2, 1632109417, 'this is a demo note!', '', 'None,image', 'Late', 1632109437, 'Early'),
(64, 'ACD002', 002, 'ACD', 2, 3, 1632109840, 'demo demo', '', 'None,image', 'On Time', 1632109845, 'Early'),
(65, 'STD026', 026, 'STD', 1, 2, 1632109903, 'test', '', 'None,image', 'Late', 1632109905, 'Early'),
(66, 'ACD029', 029, 'ACD', 2, 2, 1655974020, 'saya lagi d rumah', 'item-220623-a027ce9766.png', 'None', 'Late', 0, ''),
(67, 'STD030', 030, 'STD', 2, 7, 1655977137, 'saya lagi d puncak ga bisa ke kantor', 'item-220623-b159f5329c.jpg', 'None', 'Late', 0, '');

-- --------------------------------------------------------

--
-- Table structure for table `department`
--

CREATE TABLE `department` (
  `id` char(3) NOT NULL,
  `name` varchar(50) NOT NULL
) ENGINE=InnoDB DEFAULT CHARSET=latin1;

--
-- Dumping data for table `department`
--

INSERT INTO `department` (`id`, `name`) VALUES
('ACD', 'Accounting Department'),
('ADM', 'Admin Department'),
('HRD', 'Human Resource Department'),
('PCD', 'Production Controller Department'),
('PLD', 'Planner Department'),
('QCD', 'Quality Control Department'),
('SCD', 'Security Department'),
('STD', 'Store Department');

-- --------------------------------------------------------

--
-- Table structure for table `employee`
--

CREATE TABLE `employee` (
  `id` int(3) UNSIGNED ZEROFILL NOT NULL,
  `name` varchar(50) NOT NULL,
  `email` varchar(128) NOT NULL,
  `gender` char(1) NOT NULL,
  `image` varchar(128) NOT NULL,
  `birth_date` date NOT NULL,
  `hire_date` date NOT NULL,
  `shift_id` int(1) NOT NULL
) ENGINE=InnoDB DEFAULT CHARSET=latin1;

--
-- Dumping data for table `employee`
--

INSERT INTO `employee` (`id`, `name`, `email`, `gender`, `image`, `birth_date`, `hire_date`, `shift_id`) VALUES
(001, 'Sadie sanjaya', 'devi@gmail.com', 'F', 'default.png', '1996-06-06', '2020-03-01', 2),
(002, 'Elsa siregar', 'intan@gmail.com', 'F', 'default.png', '1998-02-01', '2020-03-01', 2),
(003, 'amin ali amin', 'herman@gmail.com', 'M', 'default.png', '1997-11-06', '2020-03-12', 2),
(004, 'jesika alibaba', 'andi@gmail.com', 'M', 'default.png', '1998-01-01', '2020-03-01', 3),
(005, 'Madeline Mitchell', 'clarita@gmail.com', 'F', 'default.png', '1996-04-06', '2020-04-08', 1),
(007, 'andika kangen band', 'mgb@gmail.com', 'M', 'default.png', '2000-10-29', '2020-03-01', 2),
(008, 'Stephen Fernando', 'weve@gmail.com', 'M', 'default.png', '2000-11-07', '2020-03-01', 1),
(010, 'Blake Collins', 'ddry@gmail.com', 'M', 'default.png', '2000-12-01', '2020-04-06', 3),
(011, 'Marcus', 'udin@gmail.com', 'M', 'default.png', '1993-10-12', '2020-05-03', 1),
(025, 'Admin ', 'admin@admin.com', 'M', 'default.png', '0000-00-00', '0000-00-00', 0),
(026, 'Christine', 'christine@gmail.com', 'F', 'item-210516-ab8e9ef52f.jpg', '1995-04-01', '2021-05-16', 1),
(027, 'Johnny', 'johnny@mail.com', 'M', 'default.png', '1993-04-01', '2021-08-13', 6),
(028, 'ali', 'ali@gmail.com', 'M', 'item-220623-77ab583068.jpg', '1999-05-17', '2022-06-06', 1),
(029, 'andi', 'andi1@gmail.com', 'M', 'item-220623-266bb5b356.png', '2001-12-30', '2022-06-13', 2),
(030, 'akbar tanjung', 'akbar@gmail.com', 'M', 'item-220623-555388201d.png', '2001-12-30', '2022-06-06', 2);

-- --------------------------------------------------------

--
-- Table structure for table `employee_department`
--

CREATE TABLE `employee_department` (
  `id` int(3) NOT NULL,
  `employee_id` int(3) UNSIGNED ZEROFILL NOT NULL,
  `department_id` char(3) NOT NULL
) ENGINE=InnoDB DEFAULT CHARSET=latin1;

--
-- Dumping data for table `employee_department`
--

INSERT INTO `employee_department` (`id`, `employee_id`, `department_id`) VALUES
(1, 001, 'HRD'),
(2, 002, 'ACD'),
(3, 003, 'QCD'),
(4, 004, 'SCD'),
(5, 005, 'STD'),
(7, 007, 'PLD'),
(8, 008, 'STD'),
(10, 010, 'PCD'),
(21, 011, 'ADM'),
(26, 026, 'STD'),
(27, 027, 'QCD'),
(28, 028, 'ADM'),
(29, 029, 'ACD'),
(30, 030, 'STD');

-- --------------------------------------------------------

--
-- Table structure for table `location`
--

CREATE TABLE `location` (
  `id` int(1) NOT NULL,
  `name` varchar(50) NOT NULL
) ENGINE=InnoDB DEFAULT CHARSET=latin1;

--
-- Dumping data for table `location`
--

INSERT INTO `location` (`id`, `name`) VALUES
(1, 'Rumah'),
(2, 'Kantor'),
(3, 'Toko'),
(4, 'Site'),
(6, 'Lapangan'),
(7, 'puncak');

-- --------------------------------------------------------

--
-- Table structure for table `shift`
--

CREATE TABLE `shift` (
  `id` int(1) NOT NULL,
  `start` time NOT NULL,
  `end` time NOT NULL
) ENGINE=InnoDB DEFAULT CHARSET=latin1;

--
-- Dumping data for table `shift`
--

INSERT INTO `shift` (`id`, `start`, `end`) VALUES
(1, '08:00:00', '16:00:00'),
(2, '13:00:00', '21:00:00'),
(3, '18:00:00', '02:00:00'),
(4, '03:15:02', '02:05:05'),
(5, '07:00:00', '18:25:00'),
(6, '01:00:00', '12:00:00');

-- --------------------------------------------------------

--
-- Table structure for table `users`
--

CREATE TABLE `users` (
  `username` char(6) NOT NULL,
  `password` varchar(128) NOT NULL,
  `employee_id` int(3) UNSIGNED ZEROFILL NOT NULL,
  `role_id` int(1) NOT NULL
) ENGINE=InnoDB DEFAULT CHARSET=latin1;

--
-- Dumping data for table `users`
--

INSERT INTO `users` (`username`, `password`, `employee_id`, `role_id`) VALUES
('ACD002', '$2y$10$5nv5ehyMVdljfKJ6izsOqOimsbv.cbzU.XLB9ji9zbA.eICdSrNvO', 002, 2),
('ACD029', '$2y$10$YJO0UZvhMgd3Q/1I7nabeuBLa/wvnDvdcCSM6/qKmvDeUpbiYr/cO', 029, 2),
('ADM011', '$2y$10$BKpQcs4XKavCcYdFWujzx.Xqb7r9eNkDrOYss2VNXrMJUUpm1agUC', 011, 2),
('ADM028', '$2y$10$8XG.zwiS12wXy3KMmcP9we66fY23eBZF1FNP/0MSctNXKepErIky6', 028, 1),
('admin', '$2y$10$7rLSvRVyTQORapkDOqmkhetjF6H9lJHngr4hJMSM2lHObJbW5EQh6', 025, 1),
('HRD001', '$2y$10$7rLSvRVyTQORapkDOqmkhetjF6H9lJHngr4hJMSM2lHObJbW5EQh6', 001, 2),
('PCD010', '$2y$10$BKpQcs4XKavCcYdFWujzx.Xqb7r9eNkDrOYss2VNXrMJUUpm1agUC', 010, 2),
('QCD027', '$2y$10$peALJo.JKZyD6uMBd41UfuHGQSJe7ExOfDhPITvDbSRRXeWUGY9xy', 027, 2),
('STD026', '$2y$10$8WNMvEEgNPWyRuSeeLDE1uXwnBkYNJE/heLT1zWbsUfYb/wKFyYIy', 026, 2),
('STD030', '$2y$10$UpPJR.hPaOzlBwj3g1FT3ObvS.UU.4QErIo1XuUrOzKJvxggouYYC', 030, 2);

-- --------------------------------------------------------

--
-- Table structure for table `user_access`
--

CREATE TABLE `user_access` (
  `id` int(2) NOT NULL,
  `role_id` int(1) NOT NULL,
  `menu_id` int(2) NOT NULL
) ENGINE=InnoDB DEFAULT CHARSET=latin1;

--
-- Dumping data for table `user_access`
--

INSERT INTO `user_access` (`id`, `role_id`, `menu_id`) VALUES
(1, 1, 1),
(2, 1, 2),
(3, 2, 3),
(4, 2, 4),
(5, 1, 5);

-- --------------------------------------------------------

--
-- Table structure for table `user_menu`
--

CREATE TABLE `user_menu` (
  `id` int(2) NOT NULL,
  `menu` varchar(20) NOT NULL
) ENGINE=InnoDB DEFAULT CHARSET=latin1;

--
-- Dumping data for table `user_menu`
--

INSERT INTO `user_menu` (`id`, `menu`) VALUES
(1, 'Admin'),
(2, 'Master'),
(3, 'Attendance'),
(4, 'Profile'),
(5, 'Report');

-- --------------------------------------------------------

--
-- Table structure for table `user_role`
--

CREATE TABLE `user_role` (
  `id` int(1) NOT NULL,
  `name` varchar(20) NOT NULL
) ENGINE=InnoDB DEFAULT CHARSET=latin1;

--
-- Dumping data for table `user_role`
--

INSERT INTO `user_role` (`id`, `name`) VALUES
(1, 'Admin'),
(2, 'Employee');

-- --------------------------------------------------------

--
-- Table structure for table `user_submenu`
--

CREATE TABLE `user_submenu` (
  `id` int(2) NOT NULL,
  `menu_id` int(2) NOT NULL,
  `title` varchar(20) NOT NULL,
  `url` varchar(50) NOT NULL,
  `icon` varchar(50) NOT NULL,
  `is_active` int(1) NOT NULL
) ENGINE=InnoDB DEFAULT CHARSET=latin1;

--
-- Dumping data for table `user_submenu`
--

INSERT INTO `user_submenu` (`id`, `menu_id`, `title`, `url`, `icon`, `is_active`) VALUES
(1, 1, 'Dashboard', 'admin', 'fas fa-fw fa-tachometer-alt', 1),
(2, 2, 'Department', 'master', 'fas fa-fw fa-building', 1),
(3, 2, 'Shift', 'master/shift', 'fas fa-fw fa-exchange-alt', 1),
(4, 2, 'Karyawan', 'master/employee', 'fas fa-fw fa-id-badge', 1),
(5, 2, 'Lokasi', 'master/location', 'fas fa-fw fa-map-marker-alt', 1),
(6, 3, 'Attendance Form', 'attendance', 'fas fa-fw fa-clipboard-list', 1),
(7, 3, 'Statistics', 'attendance/stats', 'fas fa-fw fa-chart-pie', 0),
(8, 4, 'My Profile', 'profile', 'fas fa-fw fa-id-card', 1),
(9, 2, 'Users', 'master/users', 'fas fa-fw fa-users', 1),
(11, 5, 'Print Laporan', 'report', 'fas fa-fw fa-paste', 1);

--
-- Indexes for dumped tables
--

--
-- Indexes for table `attendance`
--
ALTER TABLE `attendance`
  ADD PRIMARY KEY (`id`),
  ADD KEY `username` (`username`),
  ADD KEY `employee_id` (`employee_id`),
  ADD KEY `department_id` (`department_id`),
  ADD KEY `shift_id` (`shift_id`),
  ADD KEY `location_id` (`location_id`);

--
-- Indexes for table `department`
--
ALTER TABLE `department`
  ADD PRIMARY KEY (`id`);

--
-- Indexes for table `employee`
--
ALTER TABLE `employee`
  ADD PRIMARY KEY (`id`);

--
-- Indexes for table `employee_department`
--
ALTER TABLE `employee_department`
  ADD PRIMARY KEY (`id`),
  ADD KEY `employee_department_ibfk_1` (`employee_id`),
  ADD KEY `employee_department_ibfk_2` (`department_id`);

--
-- Indexes for table `location`
--
ALTER TABLE `location`
  ADD PRIMARY KEY (`id`);

--
-- Indexes for table `shift`
--
ALTER TABLE `shift`
  ADD PRIMARY KEY (`id`);

--
-- Indexes for table `users`
--
ALTER TABLE `users`
  ADD PRIMARY KEY (`username`),
  ADD KEY `employee_id` (`employee_id`),
  ADD KEY `role_id` (`role_id`);

--
-- Indexes for table `user_access`
--
ALTER TABLE `user_access`
  ADD PRIMARY KEY (`id`),
  ADD KEY `menu_id` (`menu_id`),
  ADD KEY `role_id` (`role_id`);

--
-- Indexes for table `user_menu`
--
ALTER TABLE `user_menu`
  ADD PRIMARY KEY (`id`);

--
-- Indexes for table `user_role`
--
ALTER TABLE `user_role`
  ADD PRIMARY KEY (`id`);

--
-- Indexes for table `user_submenu`
--
ALTER TABLE `user_submenu`
  ADD PRIMARY KEY (`id`),
  ADD KEY `menu_id` (`menu_id`);

--
-- AUTO_INCREMENT for dumped tables
--

--
-- AUTO_INCREMENT for table `attendance`
--
ALTER TABLE `attendance`
  MODIFY `id` int(11) NOT NULL AUTO_INCREMENT, AUTO_INCREMENT=68;

--
-- AUTO_INCREMENT for table `employee`
--
ALTER TABLE `employee`
  MODIFY `id` int(3) UNSIGNED ZEROFILL NOT NULL AUTO_INCREMENT, AUTO_INCREMENT=31;

--
-- AUTO_INCREMENT for table `employee_department`
--
ALTER TABLE `employee_department`
  MODIFY `id` int(3) NOT NULL AUTO_INCREMENT, AUTO_INCREMENT=31;

--
-- AUTO_INCREMENT for table `location`
--
ALTER TABLE `location`
  MODIFY `id` int(1) NOT NULL AUTO_INCREMENT, AUTO_INCREMENT=8;

--
-- AUTO_INCREMENT for table `shift`
--
ALTER TABLE `shift`
  MODIFY `id` int(1) NOT NULL AUTO_INCREMENT, AUTO_INCREMENT=7;

--
-- AUTO_INCREMENT for table `user_access`
--
ALTER TABLE `user_access`
  MODIFY `id` int(2) NOT NULL AUTO_INCREMENT, AUTO_INCREMENT=6;

--
-- AUTO_INCREMENT for table `user_menu`
--
ALTER TABLE `user_menu`
  MODIFY `id` int(2) NOT NULL AUTO_INCREMENT, AUTO_INCREMENT=6;

--
-- AUTO_INCREMENT for table `user_role`
--
ALTER TABLE `user_role`
  MODIFY `id` int(1) NOT NULL AUTO_INCREMENT, AUTO_INCREMENT=3;

--
-- AUTO_INCREMENT for table `user_submenu`
--
ALTER TABLE `user_submenu`
  MODIFY `id` int(2) NOT NULL AUTO_INCREMENT, AUTO_INCREMENT=12;

--
-- Constraints for dumped tables
--

--
-- Constraints for table `attendance`
--
ALTER TABLE `attendance`
  ADD CONSTRAINT `attendance_ibfk_1` FOREIGN KEY (`username`) REFERENCES `users` (`username`) ON UPDATE CASCADE,
  ADD CONSTRAINT `attendance_ibfk_2` FOREIGN KEY (`employee_id`) REFERENCES `employee` (`id`) ON UPDATE CASCADE,
  ADD CONSTRAINT `attendance_ibfk_3` FOREIGN KEY (`department_id`) REFERENCES `department` (`id`) ON UPDATE CASCADE,
  ADD CONSTRAINT `attendance_ibfk_4` FOREIGN KEY (`shift_id`) REFERENCES `shift` (`id`) ON UPDATE CASCADE,
  ADD CONSTRAINT `attendance_ibfk_5` FOREIGN KEY (`location_id`) REFERENCES `location` (`id`) ON UPDATE CASCADE;

--
-- Constraints for table `employee_department`
--
ALTER TABLE `employee_department`
  ADD CONSTRAINT `employee_department_ibfk_1` FOREIGN KEY (`employee_id`) REFERENCES `employee` (`id`) ON DELETE CASCADE ON UPDATE CASCADE,
  ADD CONSTRAINT `employee_department_ibfk_2` FOREIGN KEY (`department_id`) REFERENCES `department` (`id`) ON DELETE CASCADE ON UPDATE CASCADE;

--
-- Constraints for table `users`
--
ALTER TABLE `users`
  ADD CONSTRAINT `users_ibfk_1` FOREIGN KEY (`employee_id`) REFERENCES `employee` (`id`) ON UPDATE CASCADE,
  ADD CONSTRAINT `users_ibfk_2` FOREIGN KEY (`role_id`) REFERENCES `user_role` (`id`) ON UPDATE CASCADE;

--
-- Constraints for table `user_access`
--
ALTER TABLE `user_access`
  ADD CONSTRAINT `user_access_ibfk_1` FOREIGN KEY (`menu_id`) REFERENCES `user_menu` (`id`) ON UPDATE CASCADE,
  ADD CONSTRAINT `user_access_ibfk_2` FOREIGN KEY (`role_id`) REFERENCES `user_role` (`id`) ON UPDATE CASCADE;

--
-- Constraints for table `user_submenu`
--
ALTER TABLE `user_submenu`
  ADD CONSTRAINT `user_submenu_ibfk_1` FOREIGN KEY (`menu_id`) REFERENCES `user_menu` (`id`) ON UPDATE CASCADE;
COMMIT;

/*!40101 SET CHARACTER_SET_CLIENT=@OLD_CHARACTER_SET_CLIENT */;
/*!40101 SET CHARACTER_SET_RESULTS=@OLD_CHARACTER_SET_RESULTS */;
/*!40101 SET COLLATION_CONNECTION=@OLD_COLLATION_CONNECTION */;
